original_file,original_path,visual_description,suggested_section,suggested_logical_name,duplicate,notes
0c1a64d52fc9b89531b0553dbea057c4.png,图片/0c1a64d52fc9b89531b0553dbea057c4.png,Person reading an open book illustration,ai,readingAssistantIcon,no,90x90 PNG; generic legacy 3D icon
1-002.png,图片/1-002.png,Red home outline icon,shared,legacyHomeIcon,no,81x81 PNG
1cad0ab0e0d05c866939422fcc71ba31.png,图片/1cad0ab0e0d05c866939422fcc71ba31.png,Xiaohai Fairy Tales purple castle and panda banner,home,xiaohaiFairyTalesBanner,no,750x400 PNG
2-001.png,图片/2-001.png,Four-square grid outline icon,shared,legacyGridIcon,no,81x81 PNG
218072eece4ccaf07aba0f33e97808dc.jpg,图片/218072eece4ccaf07aba0f33e97808dc.jpg,Children's book copyright promotion with panda and opera character,stories,childrensBookCopyrightPromotion,no,3413x1920 JPEG; contains promotional price text
2e579b3810f38112a5f904f4b3f8ac5f.png.jpeg,图片/2e579b3810f38112a5f904f4b3f8ac5f.png.jpeg,Parent-child picture-book playground illustration,stories,parentChildPictureBookPlayground,no,1920x1280 JPEG
3-001.png,图片/3-001.png,Shopping cart outline icon,shop,legacyShoppingCartIcon,no,81x81 PNG
381e82c78149335860b376ed0170ebbd.png,图片/381e82c78149335860b376ed0170ebbd.png,Blue children's English creative course promotion,stories,englishCreativeCourseBlue,no,1724x1238 PNG; contains 990/3次 promotional text
3939cc01762a13ccd07eb8e462681c75.jpg,图片/3939cc01762a13ccd07eb8e462681c75.jpg,Child reading picture books beside teddy bear,home,parentChildReadingPhoto,no,2496x1664 JPEG
3c0d665b10ed592b74b776074fa97fdf.jpg,图片/3c0d665b10ed592b74b776074fa97fdf.jpg,Pew Pew Tiger and his magic puffs book cover,shop,pewPewTigerCoverOriginal,no,1960x2140 JPEG; original larger source
3e91ab189e5a4bec668ac47be0cb26fd.jpg,图片/3e91ab189e5a4bec668ac47be0cb26fd.jpg,Electronic author plan promotion with panda artwork,ai,electronicAuthorPlanPromotion,no,3413x1920 JPEG; contains ¥1288 promotional text
3ff22ea02e4c341b3600591c9fe2fecf.png,图片/3ff22ea02e4c341b3600591c9fe2fecf.png,Clipboard checklist illustration,ai,creationChecklistIcon,no,90x90 PNG; generic legacy 3D icon
4-001.png,图片/4-001.png,User profile outline icon,me,legacyUserProfileIcon,no,81x81 PNG
499b54154ad0c837aed5b75c4f718c5e.png.jpeg,图片/499b54154ad0c837aed5b75c4f718c5e.png.jpeg,Green outdoor creative classroom promotion,stories,outdoorCreativeClassroomPromotion,no,1842x1034 JPEG; contains 990/3次 promotional text
51d47929bfa65594a2efec9fcc02b012.png,图片/51d47929bfa65594a2efec9fcc02b012.png,Xiaohai Fairy Tales blue castle logo,shared,xiaohaiFairyTalesLogo,no,164x164 PNG
594fd60fb438ee6ed9d124daedd90e45.jpg,图片/594fd60fb438ee6ed9d124daedd90e45.jpg,Illustrated independent-reading promotion,stories,independentReadingPromotion,no,2560x1440 JPEG; visible AI-generated watermark; do not publish without review
673f4b15ad3e9db39c3f49d42239c093.png,图片/673f4b15ad3e9db39c3f49d42239c093.png,Author creation camp promotion with landscape illustration,ai,authorCreationCampPromotion,no,310x258 PNG; contains ¥5999 promotional text
6f0d0e6d1055f805140af0049c85631a.png,图片/6f0d0e6d1055f805140af0049c85631a.png,Black XIAOHAI wordmark,shared,xiaohaiWordmark,no,127x45 PNG
72a31c645c7f6aa53740011e439c8dcc.jpg,图片/72a31c645c7f6aa53740011e439c8dcc.jpg,DoDo's Hairy Day book cover,shop,dodosHairyDayCoverOriginal,no,1932x2172 JPEG; original larger source
881dd86d17ad6f8f698842805952fcb0.png,图片/881dd86d17ad6f8f698842805952fcb0.png,The Journey of Panda Music Box book cover,shop,pandaMusicBoxCoverOriginal,no,649x596 PNG; canonical file for identical pair
97dee94b2020215de03f132dfbca6edc.png,图片/97dee94b2020215de03f132dfbca6edc.png,Author creation camp promotion with purple city illustration,ai,authorCreationCampCityPromotion,no,306x263 PNG; contains ¥3999 promotional text
98f4458c92353ef6f325e315c145ce33.png,图片/98f4458c92353ef6f325e315c145ce33.png,Blue calculator illustration,shop,calculatorIcon,no,90x90 PNG; generic legacy 3D icon
b518e5bb3b3d5c2aa0cf91f0aacadd8b.png,图片/b518e5bb3b3d5c2aa0cf91f0aacadd8b.png,Person reading with headset illustration,stories,audioReadingIcon,no,90x90 PNG; generic legacy 3D icon
big_380ebb63a00b19c66daec2bff3637593.png,图片/big_380ebb63a00b19c66daec2bff3637593.png,Dinosaurs Need a Big Hand book cover,shop,dinosaursNeedBigHandCover,no,799x800 PNG
big_3c0d665b10ed592b74b776074fa97fdf.jpg,图片/big_3c0d665b10ed592b74b776074fa97fdf.jpg,Pew Pew Tiger and his magic puffs product cover,shop,pewPewTigerCoverProduct,yes,732x800 JPEG; resized/cropped derivative of 3c0d665b10ed592b74b776074fa97fdf.jpg
big_72a31c645c7f6aa53740011e439c8dcc.jpg,图片/big_72a31c645c7f6aa53740011e439c8dcc.jpg,DoDo's Hairy Day product cover,shop,dodosHairyDayCoverProduct,yes,711x800 JPEG; resized/cropped derivative of 72a31c645c7f6aa53740011e439c8dcc.jpg
big_881dd86d17ad6f8f698842805952fcb0.png,图片/big_881dd86d17ad6f8f698842805952fcb0.png,The Journey of Panda Music Box book cover,shop,pandaMusicBoxCoverDuplicate,yes,649x596 PNG; pixel-identical to 881dd86d17ad6f8f698842805952fcb0.png
big_922c4ce3663df0954434a6f203c708d7.png,图片/big_922c4ce3663df0954434a6f203c708d7.png,Yun's Diary book cover,shop,yunsDiaryCover,no,800x800 PNG
big_c0fc805c4697f92206e128ee5553f606.png,图片/big_c0fc805c4697f92206e128ee5553f606.png,Open illustrated book and framed artwork product photo,shop,illustratedBookDisplayDuplicate,yes,240x180 PNG; pixel-identical to c0fc805c4697f92206e128ee5553f606.png
c0fc805c4697f92206e128ee5553f606.png,图片/c0fc805c4697f92206e128ee5553f606.png,Open illustrated book and framed artwork product photo,shop,illustratedBookDisplay,no,240x180 PNG; canonical file for identical pair
c16393ec987843cdab0b8d2c248e30ba.png,图片/c16393ec987843cdab0b8d2c248e30ba.png,Yellow shopping cart illustration,shop,shoppingCartIcon,no,90x90 PNG; generic legacy 3D icon
c7cf28cfe1e9c04f0cb7400ccdcd8e78.png,图片/c7cf28cfe1e9c04f0cb7400ccdcd8e78.png,Purple house illustration,pangzhu,storeHomeIcon,no,90x90 PNG; generic legacy 3D icon
co-bag.png,图片/co-bag.png,领取优惠券 banner with floating coupon graphics,shop,couponClaimBanner,no,574x250 PNG; transparent background
d3539512e56c42699ad4df46becf9c31.png,图片/d3539512e56c42699ad4df46becf9c31.png,Presentation chart illustration,ai,presentationChartIcon,no,90x90 PNG; generic legacy 3D icon
e8d47e512f07f768d7205e0141d8907c.png,图片/e8d47e512f07f768d7205e0141d8907c.png,Purple VIP badge illustration,me,vipBadgeIcon,no,90x90 PNG; generic legacy 3D icon
f1cf595e184c8ef767cef6caeb352e9b.png,图片/f1cf595e184c8ef767cef6caeb352e9b.png,Purple children's English creative course promotion,stories,englishCreativeCoursePurple,no,1600x800 PNG; contains 990/3次 promotional text
right-icon.png,图片/right-icon.png,Black right-pointing chevron,shared,rightChevronIcon,no,26x26 PNG
